ID;Species;Sex;Region;Country;Lat.Dec;Lon.Dec;CULEXP;CULNAR;DEPTH;WIDTH;TARS;WL;Observer
CU50665;S. rufosuperciliata;M;ATL;Uruguay;-32.301994;-53.662702;16.9;12.414;6.05;3.75;20.45;76.85;GSC
MPEG36198;S. rufosuperciliata;F;ATL;Brazil;-22.358805;-43.136981;19.9;13.05;5.95;3.6;19.9;69.6;GSC
MPEG72043;S. rufosuperciliata;M;ATL;Brazil;-26.766855;-50.981664;18.95;12.25;5.5;3.25;19.5;76.7;GSC
MPEG51834;S. rufosuperciliata;F;ATL;Brazil;-21.249531;-56.704311;19.95;12.4;5.25;3.5;18.95;71.4;GSC
MPEG51833;S. rufosuperciliata;F;ATL;Brazil;-21.249531;-56.704311;18.9;12.3;4.95;3.35;17.7;74.35;GSC
MPEG52459;S. rufosuperciliata;M;ATL;Brazil;-21.249531;-56.704311;12.25;12.1;5.45;3.65;18.4;17.25;GSC
MPEG51836;S. rufosuperciliata;M;ATL;Brazil;-21.249531;-56.704311;19.4;12.55;10.15;3.65;18.9;75.5;GSC
MPEG51835;S. rufosuperciliata;F;ATL;Brazil;-21.249531;-56.704311;19.85;12.9;5.2;3.7;19;72.5;GSC
UWBM77301;S. rufosuperciliata;F;AND;Bolivia;-18.69;-63.916667;20;13.65;5.4;3.65;20;73.9;GSC
UWBM70449;S. rufosuperciliata;F;AND;Argentina;-26.603;-65.233333;17.45;12.55;5.15;3.5;18.75;80;GSC
UWBM26752;S. rufosuperciliata;F;ATL;Argentina;-26.466669;-53.892332;16.2;11.7;5.55;3.7;19.4;72;GSC
UWBM26750;S. rufosuperciliata;F;ATL;Argentina;-26.466669;-53.892332;16.8;11.6;5.7;3.75;21.4;72.45;GSC
UWBM48965;S. rufosuperciliata;M;ATL;Argentina;-25.874737;-54.570925;16.3;11.95;5.9;3.55;19.95;71.25;GSC
UWBM26749;S. rufosuperciliata;M;ATL;Argentina;-26.466669;-53.892332;15.4;11.6;5.3;3.65;20.3;71.2;GSC
UWBM26751;S. rufosuperciliata;M;ATL;Argentina;-26.466669;-53.892332;16.85;11.95;5.7;3.85;19.15;75.6;GSC
UWBM54468;S. rufosuperciliata;M;ATL;Argentina;-27.841775;-58.789678;15.9;11.5;5.8;3.6;20.85;80.1;GSC
UWBM54503;S. rufosuperciliata;M;AND;Argentina;-26.603;-65.233333;17.55;12.15;5.55;3.35;20.6;79.4;GSC
UWBM92230;S. rufosuperciliata;F;AND;Argentina;-24.507;-65.500333;18.4;13.5;5.6;3.6;20.6;75.75;GSC
UWBM92386;S. rufosuperciliata;F;AND;Argentina;-26.839317;-65.70623;17.1;13.1;5.45;3.6;19.9;75.55;GSC
UWBM92232;S. rufosuperciliata;F;AND;Argentina;-24.507;-65.500333;17.7;13.7;5.2;3.9;20.35;71.5;GSC
UWBM92387;S. rufosuperciliata;M;AND;Argentina;-26.839317;-65.70623;16.2;11.9;5.15;3.3;18.9;72.6;GSC
MACN69182;S. rufosuperciliata;M;AND;Argentina;-23.938184;-65.217791;17.84;12.98;5.24;3.14;20.94;80.94;GSC
MACN62339;S. rufosuperciliata;F;ATL;Argentina;-27.556521;-55.708082;15.96;12.02;5.4;3.2;19.18;70.94;GSC
MACN69094;S. rufosuperciliata;F;AND;Argentina;-24.120088;-64.455952;17.48;12.26;4.94;3.04;19.54;76.06;GSC
MACN73449;S. rufosuperciliata;M;ATL;Argentina;-28.018046;-58.026493;16.14;12.4;6.5;3.86;21;81.28;GSC
MACN72821;S. rufosuperciliata;M;AND;Bolivia;-16.395916;-67.558816;16.38;11.86;5.62;3.52;20.74;82.16;GSC
MACN72815;S. rufosuperciliata;M;AND;Bolivia;-19.396806;-64.087389;17.94;12.84;5.28;3.1;19.26;81;GSC
MACN72804;S. rufosuperciliata;M;AND;Bolivia;-19.396806;-64.087389;17.62;12.7;5.78;3.76;20.26;79.74;GSC
MACN65830;S. rufosuperciliata;F;ATL;Argentina;-27.375875;-55.648248;15.84;12.28;5.62;3.78;17.18;69.16;GSC
MACN72470;S. rufosuperciliata;F;AND;Argentina;-23.757089;-64.854215;19.7;13.78;5.38;3.92;17.78;83.48;GSC
MACN72793;S. rufosuperciliata;M;AND;Bolivia;-19.396806;-64.087389;18.24;13.54;5.82;3.42;20.44;76.62;GSC
MACN72463;S. rufosuperciliata;M;AND;Argentina;-23.757089;-64.854215;17.66;13.66;5.6;3.22;19.64;82.7;GSC
MACN72471;S. rufosuperciliata;M;AND;Argentina;-23.757089;-64.854215;17.46;12.94;5.54;3.34;20.52;83.44;GSC
MACN72167;S. rufosuperciliata;F;ATL;Argentina;-28.018046;-58.026493;17.16;12.9;6.2;3.64;19.86;73.84;GSC
MACN72841;S. rufosuperciliata;M;AND;Bolivia;-16.395916;-67.558816;14.8;10.96;5.58;3.68;19.22;76.26;GSC
MACN71796;S. rufosuperciliata;M;ATL;Argentina;-26.807967;-59.608783;14.62;11.44;5.72;3.26;18.72;73.82;GSC
MACN71742;S. rufosuperciliata;M;ATL;Argentina;-31.882411;-58.244332;15.84;11.18;5.42;3.52;20.76;78.78;GSC
MACN69867;S. rufosuperciliata;F;ATL;Argentina;-27.554196;-58.671722;14.52;11.48;5.78;3.08;18.9;67.74;GSC
MACN70576;S. rufosuperciliata;F;ATL;Argentina;-27.554196;-58.671722;15.88;12.06;5.88;3.34;19.62;78.14;GSC
MACN71866;S. rufosuperciliata;M;ATL;Argentina;-25.859242;-53.983427;15.3;12.1;5.54;3.24;19.4;74.34;GSC
MACN71757;S. rufosuperciliata;M;ATL;Argentina;-26.807967;-59.608783;14.64;11.38;5.42;3.28;19.74;75.18;GSC
MACN71758;S. rufosuperciliata;M;ATL;Argentina;-26.807967;-59.608783;16.08;11.54;5.68;3.32;18.74;77.46;GSC
MACN59214;S. rufosuperciliata;M;ATL;Argentina;-28.231624;-55.787739;15.98;11.94;5.84;3.68;21.12;71.14;GSC
MACn56641;S. rufosuperciliata;F;ATL;Argentina;-27.308643;-58.559575;14.86;11.94;5.86;3.48;20.8;76.62;GSC
MACN57051;S. rufosuperciliata;M;ATL;Argentina;-27.522246;-58.769263;13.84;11.38;5.44;3.04;20.42;79.62;GSC
MACN56958;S. rufosuperciliata;M;ATL;Argentina;-27.522246;-58.769263;15.7;12;6.18;3.34;18.92;74.82;GSC
MACN65141;S. rufosuperciliata;M;ATL;Argentina;-27.70963;-55.49718;14.24;11;5.46;3.36;20.26;71.96;GSC
MACN60777;S. rufosuperciliata;F;ATL;Argentina;-27.621296;-56.919555;16.08;11.64;5.94;3.94;19.16;69.14;GSC
MACN60769;S. rufosuperciliata;F;ATL;Argentina;-27.621296;-56.919555;16.74;12.42;5.52;3.34;20.14;67.74;GSC
MACN55686;S. rufosuperciliata;F;ATL;Argentina;-28.574334;-58.708056;14.3;11.98;5.9;3.44;19.28;78.28;GSC
MACN55698;S. rufosuperciliata;M;ATL;Argentina;-28.08565;-58.31323;15.82;12.48;5.78;3.22;20.56;76.26;GSC
MACN59753;S. rufosuperciliata;F;ATL;Argentina;-27.522246;-58.769263;15.42;12.18;6.12;3.28;20.42;71.84;GSC
MACN63489;S. rufosuperciliata;M;ATL;Argentina;-27.556521;-55.708082;16.8;12.36;5.78;3.5;21.6;78.56;GSC
MACN65472;S. rufosuperciliata;F;ATL;Argentina;-27.482374;-58.748615;16.24;12.64;5.96;3.56;18.74;76.2;GSC
MACN63825;S. rufosuperciliata;M;ATL;Paraguay;-27.119954;-58.537897;13.84;11.74;5.58;3.04;19.34;80.44;GSC
MACN65833;S. rufosuperciliata;M;ATL;Argentina;-27.375875;-55.648248;15.34;12;5.68;3.48;19.78;79.56;GSC
MACN61812;S. rufosuperciliata;M;ATL;Paraguay;-25.061348;-54.692202;15.34;12.16;5.68;3.44;20.44;75.02;GSC
MACN62826;S. rufosuperciliata;M;ATL;Argentina;-25.855988;-53.983427;15.04;10.98;5.44;3;20.82;83.36;GSC
MACN62106;S. rufosuperciliata;F;ATL;Argentina;-27.375875;-55.648248;16.16;12.1;5.88;3.34;19.3;68.86;GSC
MACN66835;S. rufosuperciliata;M;ATL;Argentina;-27.450654;-54.637414;14.94;11.54;5.28;3.44;19.44;74.32;GSC
MACN55474;S. rufosuperciliata;M;ATL;Argentina;-27.968781;-55.529716;13.76;12;5.48;3.12;20.38;75.42;GSC
MACN58395;S. rufosuperciliata;F;AND;Argentina;-26.8;-65.383333;17.54;13.46;5.2;3.74;19.82;76.16;GSC
MACN62781;S. rufosuperciliata;M;ATL;Argentina;-25.855988;-53.983427;14.96;11.5;5.34;3.14;19.28;74.84;GSC
MACN58394;S. rufosuperciliata;M;AND;Argentina;-26.8;-65.383333;16.2;12.56;5.7;3.48;19.3;80;GSC
MACN58396;S. rufosuperciliata;F;AND;Argentina;-26.8;-65.383333;16.8;13.34;5.5;3.42;20.1;78.88;GSC
MACN61209;S. rufosuperciliata;M;ATL;Argentina;-26.800578;-58.957989;15.34;11.28;5.48;3.34;18.42;69.34;GSC
MACN60369;S. rufosuperciliata;F;ATL;Argentina;-26.796906;-59.554055;16.8;12.42;5.76;3.66;19.94;71.68;GSC
MACN55475;S. rufosuperciliata;M;ATL;Argentina;-27.968781;-55.529716;16.12;12.56;5.66;3.04;19.64;73.28;GSC
MACN62132;S. rufosuperciliata;M;ATL;Argentina;-27.375875;-55.716667;14.72;12.1;5.9;3.62;19.94;72.66;GSC
MACN67531;S. rufosuperciliata;F;ATL;Argentina;-25.857927;-54.168463;14.78;11.14;5.5;3.28;19.92;74.1;GSC
MACN64837;S. rufosuperciliata;M;ATL;Argentina;-27.080569;-54.898094;14.82;11.22;5.4;3.28;20.74;75.52;GSC
MACN63001;S. rufosuperciliata;F;ATL;Argentina;-25.855988;-53.983427;16;12;5.42;3.08;20.46;80.1;GSC
MACN64433;S. rufosuperciliata;M;ATL;Argentina;-26.965565;-53.965307;14.34;11.58;5.3;3.52;19.08;76.42;GSC
MACN138h;S. rufosuperciliata;F;ATL;Paraguay;-25.783367;-56.435305;15.68;12.24;5.74;3.54;19.22;73.7;GSC
MACN1386;S. rufosuperciliata;F;ATL;Argentina;-25.649865;-54.518324;16.04;12.5;5.8;3.58;19.2;75.36;GSC
MACN138j;S. rufosuperciliata;M;ATL;Argentina;-27.050324;-58.679686;16.28;12.86;5.92;3.42;19.62;77;GSC
MACN795a;S. rufosuperciliata;F;AND;Argentina;-24.18681;-65.448243;16.12;12.92;5.22;3.74;19.94;78.34;GSC
MACN29232;S. rufosuperciliata;F;AND;Argentina;-28.116667;-65.633222;16.56;12.48;5.32;3.14;19.94;77.6;GSC
MACN47.32;S. rufosuperciliata;M;ATL;Paraguay;-26.844786;-55.336471;13.84;11.24;5.42;3.48;20.4;76.16;GSC
138q;S. rufosuperciliata;F;ATL;Paraguay;-25.783367;-56.435305;15.8;12.26;5.76;3.96;20.48;71.3;GSC
MACN30729;S. rufosuperciliata;M;AND;Argentina;-22.94114;-64.585347;16.42;12.52;5.18;3.5;21.48;77.7;GSC
MACN138o;S. rufosuperciliata;F;ATL;Argentina;-27.659871;-59.194917;15.8;12.12;5.38;3.64;19.62;75.38;GSC
MACN13gr;S. rufosuperciliata;F;AND;Argentina;-26.733333;-65.266667;17.86;12.64;5.32;3.48;20.42;79.22;GSC
MACN2480a;S. rufosuperciliata;F;AND;Argentina;-22.5;-63.83;16.88;12.54;5.6;3.62;19.3;77.24;GSC
MACN40147;S. rufosuperciliata;F;AND;Argentina;-24.364707;-65.327195;16.82;13.38;5.48;3.66;19.12;72.16;GSC
MACN8502;S. rufosuperciliata;F;AND;Argentina;-23.125865;-64.308229;16.46;12.66;5.32;3.22;20;76.14;GSC
MACN8914;S. rufosuperciliata;M;ATL;Argentina;-27.050324;-58.679686;15.36;11.32;5.48;3.54;19.34;72.28;GSC
MACN138l;S. rufosuperciliata;F;ATL;Argentina;-27.659871;-59.194917;14.14;10.66;5.84;3;20;78.66;GSC
MACN43067;S. rufosuperciliata;M;ATL;Argentina;-31.120553;-58.075174;16.12;12.42;6.14;3.88;20.38;76.76;GSC
MACN5200a;S. rufosuperciliata;F;ATL;Argentina;-34.39029;-58.53354;15.4;11.14;5.64;3.56;18.6;76.22;GSC
CU50664;S. rufosuperciliata;F;ATL;Uruguay;-32.301994;-53.662702;16.4;12.0569;5.7;3.75;19.45;70;GSC
CU52572;S. rufosuperciliata;F;AND;Argentina;-23.9383;-65.217791;18.4;13.2118;5.35;3.75;20.7;78.6;GSC
AMNH235937;S. rufosuperciliata;F;AND;Peru;-6.681187;-78.740177;17.7;12.35;6.3;3.45;19.5;74.45;GSC
AMNH820269;S. rufosuperciliata;M;AND;Peru;-12.5;-73.8;16.75;12.4;5.65;4;19.2;75.45;GSC
AMNH181352;S. rufosuperciliata;M;AND;Peru;-5.166667;-79.166667;17.65;13;5.7;3.9;20.15;75;GSC
AMNH141349;S. rufosuperciliata;M;AND;Argentina;-27.063949;-65.668624;18.55;12.35;5.5;3.55;20.85;81.4;GSC
AMNH316824;S. rufosuperciliata;F;ATL;Brazil;-20.466667;-41.8;17;12.65;5.6;3.65;19.55;73.85;GSC
AMNH189085;S. rufosuperciliata;F;ATL;Brazil;-22.360826;-44.728723;16.65;11.6;5.75;3.75;18.7;72.3;GSC
AMNH314807;S. rufosuperciliata;F;ATL;Brazil;-29.533333;-52.533333;16.65;12.5;5.3;3.75;18.65;71.6;GSC
AMNH770554;S. rufosuperciliata;M;ATL;Argentina;-25.865278;-54.486379;15.95;12.15;5.85;3.4;20.35;83.05;GSC
AMNH802147;S. rufosuperciliata;F;ATL;Uruguay;-31.932557;-54.518684;16.85;12.5;5.35;3.85;19.35;76.45;GSC
AMNH235936;S. rufosuperciliata;M;AND;Peru;-6.681187;-78.740177;18.35;13.6;5.8;4;20.9;77.2;GSC
AMNH234736;S. rufosuperciliata;F;AND;Peru;-5.983333;-79.2;16.6;11.9;5.75;4.15;18.25;75;GSC
AMNH169760;S. rufosuperciliata;F;AND;Peru;-11.15;-75.333333;17.85;11.95;5.7;3.7;19.25;75.5;GSC
AMNH820008;S. rufosuperciliata;M;AND;Peru;-12.666488;-73.8;17.95;12.65;5.45;3.9;20.25;79.8;GSC
AMNH821047;S. rufosuperciliata;M;AND;Peru;-9.35;-74.716667;16.45;11.4;5.6;3.6;19.3;76.15;GSC
AMNH820187;S. rufosuperciliata;M;AND;Peru;-12.666488;-73.8;17.5;12.05;5.65;3.7;20.1;73.55;GSC
AMNH820945;S. rufosuperciliata;M;AND;Peru;-9.35;-74.716667;17.25;12.25;5.35;3.5;19.35;73.3;GSC
AMNH139330;S. rufosuperciliata;M;AND;Bolivia;-18.166667;-63.6;18.7;12.75;6;3.9;19.85;79.75;GSC
AMNH524131;S. rufosuperciliata;F;AND;Argentina;-26.583333;-65.75;18.2;13.4;5.3;3.8;20.75;81.2;GSC
AMNH141365;S. rufosuperciliata;M;AND;Argentina;-26.856836;-65.371165;17;12.5;5.6;3.65;20.4;81.5;GSC
AMNH524129;S. rufosuperciliata;M;AND;Argentina;-26.466667;-65.533333;18.35;14.3;5.5;3.45;20.05;84;GSC
AMNH141362;S. rufosuperciliata;F;AND;Argentina;-26.856836;-65.371165;18.5;13;5.35;3.3;19.3;79.45;GSC
AMNH141354;S. rufosuperciliata;F;AND;Argentina;-26.856836;-65.371165;18.7;13;5.35;3.85;19.15;78.35;GSC
AMNH141343;S. rufosuperciliata;F;AND;Argentina;-27.401937;-65.693178;18.05;13.75;5.2;3.7;19.65;81.55;GSC
AMNH524130;S. rufosuperciliata;F;AND;Argentina;-26.466667;-65.533333;17.55;12.65;5.35;3.8;17.8;73.75;GSC
AMNH141364;S. rufosuperciliata;F;AND;Argentina;-26.856836;-65.371165;17.65;13;5.4;3.6;19.95;76.05;GSC
AMNH141368;S. rufosuperciliata;M;AND;Argentina;-26.856836;-65.371165;19.4;13.9;5.35;3.9;19.8;79.55;GSC
AMNH524137;S. rufosuperciliata;M;AND;Argentina;-23.485338;-64.289903;18.25;13.45;5.55;3.8;20.05;71.3;GSC
AMNH189087;S. rufosuperciliata;F;ATL;Brazil;-22.360826;-44.728723;16.1;11;5.6;3.4;18.45;71.4;GSC
AMNH189089;S. rufosuperciliata;M;ATL;Brazil;-22.360826;-44.728723;15.45;11.45;5.55;3.9;19.5;76.9;GSC
AMNH140037;S. rufosuperciliata;M;ATL;Brazil;-23;-46.85;16.5;12.3;6.5;3.8;19.5;71.3;GSC
AMNH146965;S. rufosuperciliata;M;ATL;Brazil;-22.424714;-42.925697;18;12.55;6.15;3.65;20.4;78.9;GSC
AMNH524124;S. rufosuperciliata;F;ATL;Brazil;-22.722257;-45.55782;17.2;11.4;5.25;3.6;20.05;70.75;GSC
AMNH314807;S. rufosuperciliata;F;ATL;Brazil;-29.533333;-52.533333;16.2;12.5;5.5;3.85;19.5;71.85;GSC
AMNH314809;S. rufosuperciliata;M;ATL;Brazil;-29.451792;-50.582994;16.85;11.85;5.55;3.7;19.75;78.5;GSC
AMNH314808;S. rufosuperciliata;M;ATL;Brazil;-29.451792;-50.582994;16.35;12.8;5.6;3.5;21.4;76.65;GSC
AMNH314804;S. rufosuperciliata;F;ATL;Brazil;-29.731034;-52.437658;15.85;12.8;5.3;3.6;19.15;70.25;GSC
AMNH314801;S. rufosuperciliata;F;ATL;Brazil;-29.632754;-51.002184;16.7;11.4;5.25;3.35;19.9;69.2;GSC
AMNH314798;S. rufosuperciliata;M;ATL;Brazil;-29.674769;-51.109839;16.5;12.8;5.6;4;20.4;75.2;GSC
AMNH314793;S. rufosuperciliata;M;ATL;Brazil;-26.666667;-50.45;16.35;12.5;5.75;3.95;19.6;75.5413;GSC
AMNH314827;S. rufosuperciliata;F;ATL;Brazil;-27.35;-52.783333;16.15;11.4;5.35;3.4;21.05;71.1;GSC
AMNH314818;S. rufosuperciliata;F;ATL;Brazil;-28.503118;-50.933333;18.25;12.95;5.5;3.65;19.75;74.5;GSC
AMNH314815;S. rufosuperciliata;M;ATL;Brazil;-28.209668;-51.529888;16.05;11.4;5.55;3.5;20;72.45;GSC
AMNH314814;S. rufosuperciliata;F;ATL;Brazil;-29.451792;-50.582994;17;12.1255;5.1;3.85;20;76.05;GSC
AMNH318638;S. rufosuperciliata;M;ATL;Brazil;-24.49001;-54.305733;15.3;11.35;5.45;3.75;19.65;75.25;GSC
AMNH318639;S. rufosuperciliata;F;ATL;Brazil;-24.649367;-54.298506;15.45;12.05;5.45;3.95;18.05;75.4;GSC
AMNH318631;S. rufosuperciliata;M;ATL;Brazil;-26.15;-51.216667;16.1;11.95;5.56;3.45;19.3;72.45;GSC
AMNH321889;S. rufosuperciliata;M;ATL;Brazil;-31.344824;-51.970769;16.55;12.25;5.45;3.6;20.7;76.3;GSC
AMNH810516;S. rufosuperciliata;F;ATL;Brazil;-27.25;-53.95;16.35;12.25;5.2;3.7;21.4;70.25;GSC
AMNH810515;S. rufosuperciliata;M;ATL;Brazil;-28.683333;-51.066667;17.35;11.85;5.4;3.55;20.65;75.75;GSC
AMNH318632;S. rufosuperciliata;F;ATL;Brazil;-26.15;-51.216667;16.4;12.8;5.35;3.9;19.3;75.5;GSC
AMNH320454;S. rufosuperciliata;M;ATL;Paraguay;-25.503853;-55.768263;16.1;12.8;5.45;3.9;19.5;73;GSC
AMNH320080;S. rufosuperciliata;M;ATL;Paraguay;-25.779264;-56.354797;16.2;12.5;5.45;3.75;19.85;73.05;GSC
CBF5209  (Macnctor 6272);S. rufosuperciliata;M;AND;Bolivia;-19.396806;-64.087389;20.35;13.2;5.6;3.6;24;72.25;GSC
CBF5251 (MACNctor 6327);S. rufosuperciliata;F;AND;Bolivia;-16.395916;-67.558816;18.65;12.3;5.25;3.9;21.95;73.8;GSC
CBF1667;S. rufosuperciliata;M;AND;Bolivia;-16.482488;-67.453902;19.25;12.2;5.65;3.95;24.25;73.55;GSC
MACNctor7237;S. rufosuperciliata;M;AND;Bolivia;-16.395916;-67.558816;19.75;12.15;5.4;3.4;25.4;75.75;GSC
MNKM_Av4288;S. rufosuperciliata;M;AND;Bolivia;-18.677222;-63.918056;17.6;12.5;5.6;4;20.9;82.2;MJRC
MNKM_Av2020;S. rufosuperciliata;F;AND;Bolivia;-18.401311;-63.835477;17.7;13.5;6;4.2;21;75.8;MJRC
MNKM_Av2833;S. rufosuperciliata;M;AND;Bolivia;-18.401311;-63.835477;17.7;12.3;5.4;4.1;21.1;80.4;MJRC
MNKM_Av5675;S. rufosuperciliata;M;AND;Bolivia;-19.828889;-63.726944;17.8;13.4;5.6;4;21.3;82.5;MJRC
MZUSP103355;S. rufosuperciliata;M;ATL;Brazil;-23.689666;-46.675447;15.7;10.75;5.3;4.25;19.25;70.75;CALR
MZUSP103357;S. rufosuperciliata;F;ATL;Brazil;-23.689666;-46.675447;16.55;12.15;5.35;3.55;18.8;71.95;CALR
MZUSP64631;S. rufosuperciliata;M;ATL;Brazil;-23.648652;-48.174545;15.6;11.45;5.3;3.6;21;75.15;CALR
MZUSP64632;S. rufosuperciliata;F;ATL;Brazil;-23.648652;-48.174545;16.55;11.95;5.4;3.9;20.6;68.55;CALR
MZUSP64633;S. rufosuperciliata;F;ATL;Brazil;-23.55;-45.95;15.15;10.4;5.7;3.95;19.35;71.75;CALR
MZUSP64636;S. rufosuperciliata;M;ATL;Brazil;-23.55;-45.95;15.85;12.2;5.7;3.45;19.6;77.1;CALR
MZUSP64590;S. rufosuperciliata;F;ATL;Brazil;-23.648652;-48.174545;15.7;11.6;5.5;4.1;20.1;72.4;CALR
MZUSP70619;S. rufosuperciliata;M;ATL;Brazil;-23.677758;-45.798289;16.7488;13.3;6.8;3.75;20.7;75.6;CALR
MZUSP75518;S. rufosuperciliata;F;ATL;Brazil;-23.8;-46.416667;15.45;11.8;5.2;3.6;19.95;69.25;CALR
MZUSP75570;S. rufosuperciliata;M;ATL;Brazil;-23.927453;-47.091296;15.95;12.45;5.9;3.95;21.05;74;CALR
MZUSP76122;S. rufosuperciliata;F;ATL;Brazil;-23.8;-46.416667;16.65;12.35;5.75;3.6;19.7;73.5;CALR
MZUSP78326;S. rufosuperciliata;F;ATL;Brazil;-22.752501;-44.348104;16.4;11.9;5.5;4.05;20.5;76.7;CALR
MZUSP78327;S. rufosuperciliata;F;ATL;Brazil;-22.752501;-44.348104;15.1;12.6;5.35;3.45;20.65;75.65;CALR
MZUSP78466;S. rufosuperciliata;F;ATL;Brazil;-23.677758;-45.798289;15.55;12.05;5.5;3.65;19.65;69.3;CALR
MZUSP79902;S. rufosuperciliata;M;ATL;Brazil;-23.783333;-46.316667;16.7;12.55;5.85;3.55;20.65;77.3;CALR
MZUSP80745;S. rufosuperciliata;F;ATL;Brazil;-23.706596;-47.002762;16.6;12;5.35;3.65;19.05;76.3;CALR
MZUSP80746;S. rufosuperciliata;M;ATL;Brazil;-23.706596;-47.002762;15.75;12.4;5.6;3.65;19.9;75.7;CALR
MZUSP81121;S. rufosuperciliata;F;ATL;Brazil;-22.752501;-44.348104;16.15;11.9;5.517;3.9;20.6;77.1;CALR
MZUSP75054;S. rufosuperciliata;F;ATL;Brazil;-27.230308;-53.859252;14.85;11.65;5.7;3.4;19.25;72.65;CALR
MZUSP104081;S. rufosuperciliata;M;ATL;Brazil;-27.923889;-48.872778;15.9;11.6;5.6;3.1;21.05;76;CALR
MZUSP104088;S. rufosuperciliata;M;ATL;Brazil;-27.923889;-48.872778;16.4;11.5;5.5;3.45;20.05;75.6;CALR
MZUSP38654;S. rufosuperciliata;F;ATL;Brazil;-29.683333;-53.8;16.2;12.6;5.65;3.7;20.95;73.9;CALR
MZUSP3882;S. rufosuperciliata;M;ATL;Brazil;-29.233333;-51.35;15.65;10.65;5.3;3.05;16.05;70.3;CALR
MZUSP38827;S. rufosuperciliata;M;ATL;Brazil;-29.233333;-51.35;15.95;11.25;5.3;3.1;21;73.15;CALR
MZUSP38891;S. rufosuperciliata;M;ATL;Brazil;-29.233333;-51.35;15.9;10.75;5.25;3.45;19.3;72.1;CALR
MZUSP43412;S. rufosuperciliata;M;ATL;Uruguay;-32.301994;-53.662702;15.85;12.2;5.85;3.7;21.5;75.7;CALR
MZUSP103356;S. rufosuperciliata;F;ATL;Brazil;-20.133333;-43.5;15.75;11.9;5.15;3.4;19.85;73.55;CALR
MZUSP61598;S. rufosuperciliata;F;ATL;Brazil;-20.133333;-43.5;16.15;11.2;5.65;3.65;18.7;73.25;CALR
MZUSP6106;S. rufosuperciliata;F;ATL;Brazil;-22.360826;-44.728723;15.75;11.8;5.4;3.35;19.2;79.85;CALR
MZUSP7900;S. rufosuperciliata;M;ATL;Brazil;-22.266667;-42.533333;15.45;11;5.5;3.6;20.1;79.55;CALR
MZUSP33302;S. rufosuperciliata;M;ATL;Brazil;-22.424714;-42.925697;16.55;12.9;5.35;3.65;19.95;80.7;CALR
MZUSP33304;S. rufosuperciliata;F;ATL;Brazil;-22.424714;-42.925697;16.4;11.7;5.45;3.6;19.8;67.8;CALR
MZUSP34184;S. rufosuperciliata;M;ATL;Brazil;-22.360826;-44.728723;16.1;10.95;5.55;3.7;19.6;76.3;CALR
MZUSP4096;S. rufosuperciliata;M;ATL;Brazil;-24.122402;-49.361771;14.85;11.4;5.6;3.3;18.1;77.65;CALR
MZUSP4097;S. rufosuperciliata;F;ATL;Brazil;-24.122402;-49.361771;15.05;11.35;5.3;3.6;20.9;74.85;CALR
MZUSP5908;S. rufosuperciliata;F;ATL;Brazil;-22.722257;-45.55782;17.2;11.55;5.75;3.9;20.5;74;CALR
MZUSP13921;S. rufosuperciliata;M;ATL;Brazil;-23.514315;-46.192325;14.35;11.35;5.45;3.7;19.1;76.65;CALR
MZUSP31101;S. rufosuperciliata;M;ATL;Brazil;-24.580606;-48.594763;16.1;11.45;5.5;3.5;20.3;78.1;CALR
MZUSP31487;S. rufosuperciliata;F;ATL;Brazil;-23.677758;-45.798289;14.1;11.7;5.6;3.55;19;70.6;CALR
MZUSP53364;S. rufosuperciliata;F;ATL;Brazil;-23.702108;-46.702864;14.75;11.35;5.65;3.55;17.75;71.95;CALR
MZUSP53365;S. rufosuperciliata;M;ATL;Brazil;-23.702108;-46.702864;15.8;12.3;5.7;3.8;19.3;75.3;CALR
MZUSP61136;S. rufosuperciliata;M;ATL;Brazil;-23.55;-45.95;16.3;11.75;5.6;3.55;20.55;71;CALR
MZUSP61197;S. rufosuperciliata;F;ATL;Brazil;-23.648652;-48.174545;14.45;10.9;5.35;3.55;19.55;71.3;CALR
MZUSP64384;S. rufosuperciliata;M;ATL;Brazil;-23.648652;-48.174545;16.95;12;5.5;3.55;20.15;71.8;CALR
MZUSP64385;S. rufosuperciliata;M;ATL;Brazil;-23.648652;-48.174545;14.85;11.25;5.6;3.5;21.05;74.05;CALR
MZUSP64569;S. rufosuperciliata;F;ATL;Brazil;-23.55;-45.95;15.05;11.2;5.3;3.55;19.6;72.45;CALR
MZUSP64629;S. rufosuperciliata;F;ATL;Brazil;-23.55;-45.95;16.5;11.75;5.6;3.6;18.45;75.15;CALR
MZUSP87789;S. rufosuperciliata;M;ATL;Brazil;-23.446667;-46.636667;17.85;12.5;5.8;3.7;20.25;76.25;CALR
MZUSP93516;S. rufosuperciliata;M;ATL;Brazil;-22.752501;-44.348104;16.85;11.05;5.3;3.75;19.3;73.95;CALR
MZUSP1841;S. rufosuperciliata;M;ATL;Brazil;-23.157958;-49.955205;16.45;11.9;5.45;3.4;20.05;76.85;CALR
MZUSP6956;S. rufosuperciliata;F;ATL;Brazil;-24.791467;-50.042027;15.5;11.5;5.55;3.55;19.75;72.2;CALR
MZUSP6957;S. rufosuperciliata;M;ATL;Brazil;-24.791467;-50.042027;16.05;11.45;5.05;3.1;19.9631;73.95;CALR
MZUSP6960;S. rufosuperciliata;F;ATL;Brazil;-24.791467;-50.042027;16.1899;11.8899;5.4;3.65;18.55;75.75;CALR
MZUSP75670;S. rufosuperciliata;M;ATL;Brazil;-24.204584;-50.91418;14.4;11.9;5.25;3.25;19.95;74.35;CALR
MZUSP99598;S. rufosuperciliata;M;ATL;Brazil;-23.907149;-49.795043;16.65;12;5.45;3.7;20.6;76.9;CALR
MZUSP100984;S. rufosuperciliata;F;ATL;Brazil;-25.33732;-48.91621;16.45;12.05;5.55;3.75;20.3;73.95;CALR
DZUFMG3957;S. rufosuperciliata;M;ATL;Brazil;-19.990488;-43.450734;15.6;11.4;5.35;3.6;18.85;77.95;CALR
DZUFMG3273;S. rufosuperciliata;M;ATL;Brazil;-20.040221;-43.854848;16.2;11.95;5.95;3.9;20.5;78;CALR
DZUFMG822;S. rufosuperciliata;F;ATL;Brazil;-19.958411;-43.43073;15.7;11.55;6.25;3.9;18.8;76.05;CALR
DZUFMG816;S. rufosuperciliata;M;ATL;Brazil;-23.55;-45.95;17.35;12.9;5.7;3.7;20.7;76.6;CALR
DZUFMG818;S. rufosuperciliata;M;ATL;Brazil;-23.55;-45.95;16.5;12.35;6;3.9;20.35;75.8;CALR
DZUFMG820;S. rufosuperciliata;M;ATL;Brazil;-23.648652;-48.174545;15.35;11;5.55;3.55;18.95;71.9;CALR
DZUFMG819;S. rufosuperciliata;F;ATL;Brazil;-23.648652;-48.174545;15.8;11.45;5.7;3.5;19.6;67.65;CALR
DZUFMG6545;S. rufosuperciliata;M;ATL;Brazil;-20.29;-43.936944;15.7;11.6;5.75;3.9;20.05;72.3;CALR
DZUFMG6544;S. rufosuperciliata;M;ATL;Brazil;-20.29;-43.936944;16.3;12.25;6;3.8;19.6;74.75;CALR
DZUFMG817;S. rufosuperciliata;M;ATL;Brazil;-23.55;-45.95;15.75;11.35;5.7;3.55;20.05;76.95;CALR
DZUFMG6028;S. rufosuperciliata;M;ATL;Brazil;-22.665611;-45.859041;14.7;11;5.25;3.6;19.8;69.2;CALR
DZUFMG5629;S. rufosuperciliata;M;ATL;Brazil;-22.752786;-46.14646;16.6;12.6;5.5;3.5;19.5;80.85;CALR
DZUFMG5307;S. rufosuperciliata;M;ATL;Brazil;-22.665611;-45.859041;15.9;11.3;5.3;3.7;19.25;79.2;CALR
DZUFMG5630;S. rufosuperciliata;F;ATL;Brazil;-22.752786;-46.14646;16.45;11.9;5.7;3.5;18.8;75.25;CALR
DZUFMG6543;S. rufosuperciliata;M;ATL;Brazil;-20.29;-43.936944;15.55;11;5.5;3.7;20.3;72.4;CALR
DZUFMG6542;S. rufosuperciliata;M;ATL;Brazil;-20.153611;-43.510278;15.9;11.1;5.6;3.8;19.3;75.1;CALR
MACNA3076;S. rufosuperciliata;F;ATL;Brazil;-20.164167;-43.864722;16.2;11.85;5.5907;3.45;18.45;77.4;CALR
MACNA3051;S. rufosuperciliata;M;ATL;Brazil;-20.29;-43.936944;16.3;11.85;5.61945;3.6;18.7;75.3;CALR
MACNA2169;S. rufosuperciliata;M;ATL;Brazil;-20.137778;-43.904722;15.3;11.2;5.7;3.45;19.2;72.75;CALR
MACNA4498;S. rufosuperciliata;F;ATL;Brazil;-20.114722;-43.516667;16.8;12.6;5.2;3.5;17.8;76.6;CALR
MACNA4748;S. rufosuperciliata;M;ATL;Brazil;-20.08;-43.506667;16.15;11.8;5.75;3.4;20.95;79;CALR
MACNA1807;S. rufosuperciliata;F;ATL;Brazil;-20.08;-43.506667;15.9;11;5.4;3.7;18.4;76.25;CALR
MACNA1806;S. rufosuperciliata;M;ATL;Brazil;-20.08;-43.506667;16.15;11.9;5.95;3.6;19.6;77.95;CALR
MACNA5698;S. rufosuperciliata;M;ATL;Brazil;-20.474069;-43.878081;16.7;12.4;5.6;3.75;19.07;80.05;CALR
MACNA5699;S. rufosuperciliata;F;ATL;Brazil;-20.474069;-43.878081;15.8;11.9;5.5;3.75;19.4;76.36;CALR
MACNA5715;S. rufosuperciliata;F;ATL;Brazil;-20.474069;-43.878081;16.5;12.6;5.45;3.3;19.6;77.25;CALR
